sno,year,make,part_name,description
1,2010,Toyota,Battery,2010 Toyota Battery
2,2010,Toyota,Oil Filters,2010 Toyota Oil Filters
3,2010,Toyota,Air Filters,2010 Toyota Air Filters
4,2010,Toyota,Brakes,2010 Toyota Brakes
5,2010,Toyota,Radiator,2010 Toyota Radiator
6,2010,Toyota,Shock Absorbers,2010 Toyota Shock Absorbers
7,2010,Toyota,Muffler,2010 Toyota Muffler
8,2010,Toyota,Catalytic Converter,2010 Toyota Catalytic Converter
9,2010,Toyota,Alternator,2010 Toyota Alternator
10,2010,Toyota,Heat Guage,2010 Toyota Heat Guage
11,2010,Honda,Battery,2010 Honda Battery
12,2010,Honda,Oil Filters,2010 Honda Oil Filters
13,2010,Honda,Air Filters,2010 Honda Air Filters
14,2010,Honda,Brakes,2010 Honda Brakes
15,2010,Honda,Radiator,2010 Honda Radiator
16,2010,Honda,Shock Absorbers,2010 Honda Shock Absorbers
17,2010,Honda,Muffler,2010 Honda Muffler
18,2010,Honda,Catalytic Converter,2010 Honda Catalytic Converter
19,2010,Honda,Alternator,2010 Honda Alternator
20,2010,Honda,Heat Guage,2010 Honda Heat Guage
21,2010,Ford,Battery,2010 Ford Battery
22,2010,Ford,Oil Filters,2010 Ford Oil Filters
23,2010,Ford,Air Filters,2010 Ford Air Filters
24,2010,Ford,Brakes,2010 Ford Brakes
25,2010,Ford,Radiator,2010 Ford Radiator
26,2010,Ford,Shock Absorbers,2010 Ford Shock Absorbers
27,2010,Ford,Muffler,2010 Ford Muffler
28,2010,Ford,Catalytic Converter,2010 Ford Catalytic Converter
29,2010,Ford,Alternator,2010 Ford Alternator
30,2010,Ford,Heat Guage,2010 Ford Heat Guage
31,2010,Mercedes Benz,Battery,2010 Mercedes Benz Battery
32,2010,Mercedes Benz,Oil Filters,2010 Mercedes Benz Oil Filters
33,2010,Mercedes Benz,Air Filters,2010 Mercedes Benz Air Filters
34,2010,Mercedes Benz,Brakes,2010 Mercedes Benz Brakes
35,2010,Mercedes Benz,Radiator,2010 Mercedes Benz Radiator
36,2010,Mercedes Benz,Shock Absorbers,2010 Mercedes Benz Shock Absorbers
37,2010,Mercedes Benz,Muffler,2010 Mercedes Benz Muffler
38,2010,Mercedes Benz,Catalytic Converter,2010 Mercedes Benz Catalytic Converter
39,2010,Mercedes Benz,Alternator,2010 Mercedes Benz Alternator
40,2010,Mercedes Benz,Heat Guage,2010 Mercedes Benz Heat Guage
41,2010,Tesla,Battery,2010 Tesla Battery
42,2010,Tesla,Oil Filters,2010 Tesla Oil Filters
43,2010,Tesla,Air Filters,2010 Tesla Air Filters
44,2010,Tesla,Brakes,2010 Tesla Brakes
45,2010,Tesla,Radiator,2010 Tesla Radiator
46,2010,Tesla,Shock Absorbers,2010 Tesla Shock Absorbers
47,2010,Tesla,Muffler,2010 Tesla Muffler
48,2010,Tesla,Catalytic Converter,2010 Tesla Catalytic Converter
49,2010,Tesla,Alternator,2010 Tesla Alternator
50,2010,Tesla,Heat Guage,2010 Tesla Heat Guage
51,2010,BMW,Battery,2010 BMW Battery
52,2010,BMW,Oil Filters,2010 BMW Oil Filters
53,2010,BMW,Air Filters,2010 BMW Air Filters
54,2010,BMW,Brakes,2010 BMW Brakes
55,2010,BMW,Radiator,2010 BMW Radiator
56,2010,BMW,Shock Absorbers,2010 BMW Shock Absorbers
57,2010,BMW,Muffler,2010 BMW Muffler
58,2010,BMW,Catalytic Converter,2010 BMW Catalytic Converter
59,2010,BMW,Alternator,2010 BMW Alternator
60,2010,BMW,Heat Guage,2010 BMW Heat Guage
61,2010,Hyundai,Battery,2010 Hyundai Battery
62,2010,Hyundai,Oil Filters,2010 Hyundai Oil Filters
63,2010,Hyundai,Air Filters,2010 Hyundai Air Filters
64,2010,Hyundai,Brakes,2010 Hyundai Brakes
65,2010,Hyundai,Radiator,2010 Hyundai Radiator
66,2010,Hyundai,Shock Absorbers,2010 Hyundai Shock Absorbers
67,2010,Hyundai,Muffler,2010 Hyundai Muffler
68,2010,Hyundai,Catalytic Converter,2010 Hyundai Catalytic Converter
69,2010,Hyundai,Alternator,2010 Hyundai Alternator
70,2010,Hyundai,Heat Guage,2010 Hyundai Heat Guage
71,2010,Wolkswagen,Battery,2010 Wolkswagen Battery
72,2010,Wolkswagen,Oil Filters,2010 Wolkswagen Oil Filters
73,2010,Wolkswagen,Air Filters,2010 Wolkswagen Air Filters
74,2010,Wolkswagen,Brakes,2010 Wolkswagen Brakes
75,2010,Wolkswagen,Radiator,2010 Wolkswagen Radiator
76,2010,Wolkswagen,Shock Absorbers,2010 Wolkswagen Shock Absorbers
77,2010,Wolkswagen,Muffler,2010 Wolkswagen Muffler
78,2010,Wolkswagen,Catalytic Converter,2010 Wolkswagen Catalytic Converter
79,2010,Wolkswagen,Alternator,2010 Wolkswagen Alternator
80,2010,Wolkswagen,Heat Guage,2010 Wolkswagen Heat Guage
81,2010,Nissan,Battery,2010 Nissan Battery
82,2010,Nissan,Oil Filters,2010 Nissan Oil Filters
83,2010,Nissan,Air Filters,2010 Nissan Air Filters
84,2010,Nissan,Brakes,2010 Nissan Brakes
85,2010,Nissan,Radiator,2010 Nissan Radiator
86,2010,Nissan,Shock Absorbers,2010 Nissan Shock Absorbers
87,2010,Nissan,Muffler,2010 Nissan Muffler
88,2010,Nissan,Catalytic Converter,2010 Nissan Catalytic Converter
89,2010,Nissan,Alternator,2010 Nissan Alternator
90,2010,Nissan,Heat Guage,2010 Nissan Heat Guage
91,2010,Suzuki,Battery,2010 Suzuki Battery
92,2010,Suzuki,Oil Filters,2010 Suzuki Oil Filters
93,2010,Suzuki,Air Filters,2010 Suzuki Air Filters
94,2010,Suzuki,Brakes,2010 Suzuki Brakes
95,2010,Suzuki,Radiator,2010 Suzuki Radiator
96,2010,Suzuki,Shock Absorbers,2010 Suzuki Shock Absorbers
97,2010,Suzuki,Muffler,2010 Suzuki Muffler
98,2010,Suzuki,Catalytic Converter,2010 Suzuki Catalytic Converter
99,2010,Suzuki,Alternator,2010 Suzuki Alternator
100,2010,Suzuki,Heat Guage,2010 Suzuki Heat Guage
101,2011,Toyota,Battery,2011 Toyota Battery
102,2011,Toyota,Oil Filters,2011 Toyota Oil Filters
103,2011,Toyota,Air Filters,2011 Toyota Air Filters
104,2011,Toyota,Brakes,2011 Toyota Brakes
105,2011,Toyota,Radiator,2011 Toyota Radiator
106,2011,Toyota,Shock Absorbers,2011 Toyota Shock Absorbers
107,2011,Toyota,Muffler,2011 Toyota Muffler
108,2011,Toyota,Catalytic Converter,2011 Toyota Catalytic Converter
109,2011,Toyota,Alternator,2011 Toyota Alternator
110,2011,Toyota,Heat Guage,2011 Toyota Heat Guage
111,2011,Honda,Battery,2011 Honda Battery
112,2011,Honda,Oil Filters,2011 Honda Oil Filters
113,2011,Honda,Air Filters,2011 Honda Air Filters
114,2011,Honda,Brakes,2011 Honda Brakes
115,2011,Honda,Radiator,2011 Honda Radiator
116,2011,Honda,Shock Absorbers,2011 Honda Shock Absorbers
117,2011,Honda,Muffler,2011 Honda Muffler
118,2011,Honda,Catalytic Converter,2011 Honda Catalytic Converter
119,2011,Honda,Alternator,2011 Honda Alternator
120,2011,Honda,Heat Guage,2011 Honda Heat Guage
121,2011,Ford,Battery,2011 Ford Battery
122,2011,Ford,Oil Filters,2011 Ford Oil Filters
123,2011,Ford,Air Filters,2011 Ford Air Filters
124,2011,Ford,Brakes,2011 Ford Brakes
125,2011,Ford,Radiator,2011 Ford Radiator
126,2011,Ford,Shock Absorbers,2011 Ford Shock Absorbers
127,2011,Ford,Muffler,2011 Ford Muffler
128,2011,Ford,Catalytic Converter,2011 Ford Catalytic Converter
129,2011,Ford,Alternator,2011 Ford Alternator
130,2011,Ford,Heat Guage,2011 Ford Heat Guage
131,2011,Mercedes Benz,Battery,2011 Mercedes Benz Battery
132,2011,Mercedes Benz,Oil Filters,2011 Mercedes Benz Oil Filters
133,2011,Mercedes Benz,Air Filters,2011 Mercedes Benz Air Filters
134,2011,Mercedes Benz,Brakes,2011 Mercedes Benz Brakes
135,2011,Mercedes Benz,Radiator,2011 Mercedes Benz Radiator
136,2011,Mercedes Benz,Shock Absorbers,2011 Mercedes Benz Shock Absorbers
137,2011,Mercedes Benz,Muffler,2011 Mercedes Benz Muffler
138,2011,Mercedes Benz,Catalytic Converter,2011 Mercedes Benz Catalytic Converter
139,2011,Mercedes Benz,Alternator,2011 Mercedes Benz Alternator
140,2011,Mercedes Benz,Heat Guage,2011 Mercedes Benz Heat Guage
141,2011,Tesla,Battery,2011 Tesla Battery
142,2011,Tesla,Oil Filters,2011 Tesla Oil Filters
143,2011,Tesla,Air Filters,2011 Tesla Air Filters
144,2011,Tesla,Brakes,2011 Tesla Brakes
145,2011,Tesla,Radiator,2011 Tesla Radiator
146,2011,Tesla,Shock Absorbers,2011 Tesla Shock Absorbers
147,2011,Tesla,Muffler,2011 Tesla Muffler
148,2011,Tesla,Catalytic Converter,2011 Tesla Catalytic Converter
149,2011,Tesla,Alternator,2011 Tesla Alternator
150,2011,Tesla,Heat Guage,2011 Tesla Heat Guage
151,2011,BMW,Battery,2011 BMW Battery
152,2011,BMW,Oil Filters,2011 BMW Oil Filters
153,2011,BMW,Air Filters,2011 BMW Air Filters
154,2011,BMW,Brakes,2011 BMW Brakes
155,2011,BMW,Radiator,2011 BMW Radiator
156,2011,BMW,Shock Absorbers,2011 BMW Shock Absorbers
157,2011,BMW,Muffler,2011 BMW Muffler
158,2011,BMW,Catalytic Converter,2011 BMW Catalytic Converter
159,2011,BMW,Alternator,2011 BMW Alternator
160,2011,BMW,Heat Guage,2011 BMW Heat Guage
161,2011,Hyundai,Battery,2011 Hyundai Battery
162,2011,Hyundai,Oil Filters,2011 Hyundai Oil Filters
163,2011,Hyundai,Air Filters,2011 Hyundai Air Filters
164,2011,Hyundai,Brakes,2011 Hyundai Brakes
165,2011,Hyundai,Radiator,2011 Hyundai Radiator
166,2011,Hyundai,Shock Absorbers,2011 Hyundai Shock Absorbers
167,2011,Hyundai,Muffler,2011 Hyundai Muffler
168,2011,Hyundai,Catalytic Converter,2011 Hyundai Catalytic Converter
169,2011,Hyundai,Alternator,2011 Hyundai Alternator
170,2011,Hyundai,Heat Guage,2011 Hyundai Heat Guage
171,2011,Wolkswagen,Battery,2011 Wolkswagen Battery
172,2011,Wolkswagen,Oil Filters,2011 Wolkswagen Oil Filters
173,2011,Wolkswagen,Air Filters,2011 Wolkswagen Air Filters
174,2011,Wolkswagen,Brakes,2011 Wolkswagen Brakes
175,2011,Wolkswagen,Radiator,2011 Wolkswagen Radiator
176,2011,Wolkswagen,Shock Absorbers,2011 Wolkswagen Shock Absorbers
177,2011,Wolkswagen,Muffler,2011 Wolkswagen Muffler
178,2011,Wolkswagen,Catalytic Converter,2011 Wolkswagen Catalytic Converter
179,2011,Wolkswagen,Alternator,2011 Wolkswagen Alternator
180,2011,Wolkswagen,Heat Guage,2011 Wolkswagen Heat Guage
181,2011,Nissan,Battery,2011 Nissan Battery
182,2011,Nissan,Oil Filters,2011 Nissan Oil Filters
183,2011,Nissan,Air Filters,2011 Nissan Air Filters
184,2011,Nissan,Brakes,2011 Nissan Brakes
185,2011,Nissan,Radiator,2011 Nissan Radiator
186,2011,Nissan,Shock Absorbers,2011 Nissan Shock Absorbers
187,2011,Nissan,Muffler,2011 Nissan Muffler
188,2011,Nissan,Catalytic Converter,2011 Nissan Catalytic Converter
189,2011,Nissan,Alternator,2011 Nissan Alternator
190,2011,Nissan,Heat Guage,2011 Nissan Heat Guage
191,2011,Suzuki,Battery,2011 Suzuki Battery
192,2011,Suzuki,Oil Filters,2011 Suzuki Oil Filters
193,2011,Suzuki,Air Filters,2011 Suzuki Air Filters
194,2011,Suzuki,Brakes,2011 Suzuki Brakes
195,2011,Suzuki,Radiator,2011 Suzuki Radiator
196,2011,Suzuki,Shock Absorbers,2011 Suzuki Shock Absorbers
197,2011,Suzuki,Muffler,2011 Suzuki Muffler
198,2011,Suzuki,Catalytic Converter,2011 Suzuki Catalytic Converter
199,2011,Suzuki,Alternator,2011 Suzuki Alternator
200,2011,Suzuki,Heat Guage,2011 Suzuki Heat Guage
201,2012,Toyota,Battery,2012 Toyota Battery
202,2012,Toyota,Oil Filters,2012 Toyota Oil Filters
203,2012,Toyota,Air Filters,2012 Toyota Air Filters
204,2012,Toyota,Brakes,2012 Toyota Brakes
205,2012,Toyota,Radiator,2012 Toyota Radiator
206,2012,Toyota,Shock Absorbers,2012 Toyota Shock Absorbers
207,2012,Toyota,Muffler,2012 Toyota Muffler
208,2012,Toyota,Catalytic Converter,2012 Toyota Catalytic Converter
209,2012,Toyota,Alternator,2012 Toyota Alternator
210,2012,Toyota,Heat Guage,2012 Toyota Heat Guage
211,2012,Honda,Battery,2012 Honda Battery
212,2012,Honda,Oil Filters,2012 Honda Oil Filters
213,2012,Honda,Air Filters,2012 Honda Air Filters
214,2012,Honda,Brakes,2012 Honda Brakes
215,2012,Honda,Radiator,2012 Honda Radiator
216,2012,Honda,Shock Absorbers,2012 Honda Shock Absorbers
217,2012,Honda,Muffler,2012 Honda Muffler
218,2012,Honda,Catalytic Converter,2012 Honda Catalytic Converter
219,2012,Honda,Alternator,2012 Honda Alternator
220,2012,Honda,Heat Guage,2012 Honda Heat Guage
221,2012,Ford,Battery,2012 Ford Battery
222,2012,Ford,Oil Filters,2012 Ford Oil Filters
223,2012,Ford,Air Filters,2012 Ford Air Filters
224,2012,Ford,Brakes,2012 Ford Brakes
225,2012,Ford,Radiator,2012 Ford Radiator
226,2012,Ford,Shock Absorbers,2012 Ford Shock Absorbers
227,2012,Ford,Muffler,2012 Ford Muffler
228,2012,Ford,Catalytic Converter,2012 Ford Catalytic Converter
229,2012,Ford,Alternator,2012 Ford Alternator
230,2012,Ford,Heat Guage,2012 Ford Heat Guage
231,2012,Mercedes Benz,Battery,2012 Mercedes Benz Battery
232,2012,Mercedes Benz,Oil Filters,2012 Mercedes Benz Oil Filters
233,2012,Mercedes Benz,Air Filters,2012 Mercedes Benz Air Filters
234,2012,Mercedes Benz,Brakes,2012 Mercedes Benz Brakes
235,2012,Mercedes Benz,Radiator,2012 Mercedes Benz Radiator
236,2012,Mercedes Benz,Shock Absorbers,2012 Mercedes Benz Shock Absorbers
237,2012,Mercedes Benz,Muffler,2012 Mercedes Benz Muffler
238,2012,Mercedes Benz,Catalytic Converter,2012 Mercedes Benz Catalytic Converter
239,2012,Mercedes Benz,Alternator,2012 Mercedes Benz Alternator
240,2012,Mercedes Benz,Heat Guage,2012 Mercedes Benz Heat Guage
241,2012,Tesla,Battery,2012 Tesla Battery
242,2012,Tesla,Oil Filters,2012 Tesla Oil Filters
243,2012,Tesla,Air Filters,2012 Tesla Air Filters
244,2012,Tesla,Brakes,2012 Tesla Brakes
245,2012,Tesla,Radiator,2012 Tesla Radiator
246,2012,Tesla,Shock Absorbers,2012 Tesla Shock Absorbers
247,2012,Tesla,Muffler,2012 Tesla Muffler
248,2012,Tesla,Catalytic Converter,2012 Tesla Catalytic Converter
249,2012,Tesla,Alternator,2012 Tesla Alternator
250,2012,Tesla,Heat Guage,2012 Tesla Heat Guage
251,2012,BMW,Battery,2012 BMW Battery
252,2012,BMW,Oil Filters,2012 BMW Oil Filters
253,2012,BMW,Air Filters,2012 BMW Air Filters
254,2012,BMW,Brakes,2012 BMW Brakes
255,2012,BMW,Radiator,2012 BMW Radiator
256,2012,BMW,Shock Absorbers,2012 BMW Shock Absorbers
257,2012,BMW,Muffler,2012 BMW Muffler
258,2012,BMW,Catalytic Converter,2012 BMW Catalytic Converter
259,2012,BMW,Alternator,2012 BMW Alternator
260,2012,BMW,Heat Guage,2012 BMW Heat Guage
261,2012,Hyundai,Battery,2012 Hyundai Battery
262,2012,Hyundai,Oil Filters,2012 Hyundai Oil Filters
263,2012,Hyundai,Air Filters,2012 Hyundai Air Filters
264,2012,Hyundai,Brakes,2012 Hyundai Brakes
265,2012,Hyundai,Radiator,2012 Hyundai Radiator
266,2012,Hyundai,Shock Absorbers,2012 Hyundai Shock Absorbers
267,2012,Hyundai,Muffler,2012 Hyundai Muffler
268,2012,Hyundai,Catalytic Converter,2012 Hyundai Catalytic Converter
269,2012,Hyundai,Alternator,2012 Hyundai Alternator
270,2012,Hyundai,Heat Guage,2012 Hyundai Heat Guage
271,2012,Wolkswagen,Battery,2012 Wolkswagen Battery
272,2012,Wolkswagen,Oil Filters,2012 Wolkswagen Oil Filters
273,2012,Wolkswagen,Air Filters,2012 Wolkswagen Air Filters
274,2012,Wolkswagen,Brakes,2012 Wolkswagen Brakes
275,2012,Wolkswagen,Radiator,2012 Wolkswagen Radiator
276,2012,Wolkswagen,Shock Absorbers,2012 Wolkswagen Shock Absorbers
277,2012,Wolkswagen,Muffler,2012 Wolkswagen Muffler
278,2012,Wolkswagen,Catalytic Converter,2012 Wolkswagen Catalytic Converter
279,2012,Wolkswagen,Alternator,2012 Wolkswagen Alternator
280,2012,Wolkswagen,Heat Guage,2012 Wolkswagen Heat Guage
281,2012,Nissan,Battery,2012 Nissan Battery
282,2012,Nissan,Oil Filters,2012 Nissan Oil Filters
283,2012,Nissan,Air Filters,2012 Nissan Air Filters
284,2012,Nissan,Brakes,2012 Nissan Brakes
285,2012,Nissan,Radiator,2012 Nissan Radiator
286,2012,Nissan,Shock Absorbers,2012 Nissan Shock Absorbers
287,2012,Nissan,Muffler,2012 Nissan Muffler
288,2012,Nissan,Catalytic Converter,2012 Nissan Catalytic Converter
289,2012,Nissan,Alternator,2012 Nissan Alternator
290,2012,Nissan,Heat Guage,2012 Nissan Heat Guage
291,2012,Suzuki,Battery,2012 Suzuki Battery
292,2012,Suzuki,Oil Filters,2012 Suzuki Oil Filters
293,2012,Suzuki,Air Filters,2012 Suzuki Air Filters
294,2012,Suzuki,Brakes,2012 Suzuki Brakes
295,2012,Suzuki,Radiator,2012 Suzuki Radiator
296,2012,Suzuki,Shock Absorbers,2012 Suzuki Shock Absorbers
297,2012,Suzuki,Muffler,2012 Suzuki Muffler
298,2012,Suzuki,Catalytic Converter,2012 Suzuki Catalytic Converter
299,2012,Suzuki,Alternator,2012 Suzuki Alternator
300,2012,Suzuki,Heat Guage,2012 Suzuki Heat Guage
301,2013,Toyota,Battery,2013 Toyota Battery
302,2013,Toyota,Oil Filters,2013 Toyota Oil Filters
303,2013,Toyota,Air Filters,2013 Toyota Air Filters
304,2013,Toyota,Brakes,2013 Toyota Brakes
305,2013,Toyota,Radiator,2013 Toyota Radiator
306,2013,Toyota,Shock Absorbers,2013 Toyota Shock Absorbers
307,2013,Toyota,Muffler,2013 Toyota Muffler
308,2013,Toyota,Catalytic Converter,2013 Toyota Catalytic Converter
309,2013,Toyota,Alternator,2013 Toyota Alternator
310,2013,Toyota,Heat Guage,2013 Toyota Heat Guage
311,2013,Honda,Battery,2013 Honda Battery
312,2013,Honda,Oil Filters,2013 Honda Oil Filters
313,2013,Honda,Air Filters,2013 Honda Air Filters
314,2013,Honda,Brakes,2013 Honda Brakes
315,2013,Honda,Radiator,2013 Honda Radiator
316,2013,Honda,Shock Absorbers,2013 Honda Shock Absorbers
317,2013,Honda,Muffler,2013 Honda Muffler
318,2013,Honda,Catalytic Converter,2013 Honda Catalytic Converter
319,2013,Honda,Alternator,2013 Honda Alternator
320,2013,Honda,Heat Guage,2013 Honda Heat Guage
321,2013,Ford,Battery,2013 Ford Battery
322,2013,Ford,Oil Filters,2013 Ford Oil Filters
323,2013,Ford,Air Filters,2013 Ford Air Filters
324,2013,Ford,Brakes,2013 Ford Brakes
325,2013,Ford,Radiator,2013 Ford Radiator
326,2013,Ford,Shock Absorbers,2013 Ford Shock Absorbers
327,2013,Ford,Muffler,2013 Ford Muffler
328,2013,Ford,Catalytic Converter,2013 Ford Catalytic Converter
329,2013,Ford,Alternator,2013 Ford Alternator
330,2013,Ford,Heat Guage,2013 Ford Heat Guage
331,2013,Mercedes Benz,Battery,2013 Mercedes Benz Battery
332,2013,Mercedes Benz,Oil Filters,2013 Mercedes Benz Oil Filters
333,2013,Mercedes Benz,Air Filters,2013 Mercedes Benz Air Filters
334,2013,Mercedes Benz,Brakes,2013 Mercedes Benz Brakes
335,2013,Mercedes Benz,Radiator,2013 Mercedes Benz Radiator
336,2013,Mercedes Benz,Shock Absorbers,2013 Mercedes Benz Shock Absorbers
337,2013,Mercedes Benz,Muffler,2013 Mercedes Benz Muffler
338,2013,Mercedes Benz,Catalytic Converter,2013 Mercedes Benz Catalytic Converter
339,2013,Mercedes Benz,Alternator,2013 Mercedes Benz Alternator
340,2013,Mercedes Benz,Heat Guage,2013 Mercedes Benz Heat Guage
341,2013,Tesla,Battery,2013 Tesla Battery
342,2013,Tesla,Oil Filters,2013 Tesla Oil Filters
343,2013,Tesla,Air Filters,2013 Tesla Air Filters
344,2013,Tesla,Brakes,2013 Tesla Brakes
345,2013,Tesla,Radiator,2013 Tesla Radiator
346,2013,Tesla,Shock Absorbers,2013 Tesla Shock Absorbers
347,2013,Tesla,Muffler,2013 Tesla Muffler
348,2013,Tesla,Catalytic Converter,2013 Tesla Catalytic Converter
349,2013,Tesla,Alternator,2013 Tesla Alternator
350,2013,Tesla,Heat Guage,2013 Tesla Heat Guage
351,2013,BMW,Battery,2013 BMW Battery
352,2013,BMW,Oil Filters,2013 BMW Oil Filters
353,2013,BMW,Air Filters,2013 BMW Air Filters
354,2013,BMW,Brakes,2013 BMW Brakes
355,2013,BMW,Radiator,2013 BMW Radiator
356,2013,BMW,Shock Absorbers,2013 BMW Shock Absorbers
357,2013,BMW,Muffler,2013 BMW Muffler
358,2013,BMW,Catalytic Converter,2013 BMW Catalytic Converter
359,2013,BMW,Alternator,2013 BMW Alternator
360,2013,BMW,Heat Guage,2013 BMW Heat Guage
361,2013,Hyundai,Battery,2013 Hyundai Battery
362,2013,Hyundai,Oil Filters,2013 Hyundai Oil Filters
363,2013,Hyundai,Air Filters,2013 Hyundai Air Filters
364,2013,Hyundai,Brakes,2013 Hyundai Brakes
365,2013,Hyundai,Radiator,2013 Hyundai Radiator
366,2013,Hyundai,Shock Absorbers,2013 Hyundai Shock Absorbers
367,2013,Hyundai,Muffler,2013 Hyundai Muffler
368,2013,Hyundai,Catalytic Converter,2013 Hyundai Catalytic Converter
369,2013,Hyundai,Alternator,2013 Hyundai Alternator
370,2013,Hyundai,Heat Guage,2013 Hyundai Heat Guage
371,2013,Wolkswagen,Battery,2013 Wolkswagen Battery
372,2013,Wolkswagen,Oil Filters,2013 Wolkswagen Oil Filters
373,2013,Wolkswagen,Air Filters,2013 Wolkswagen Air Filters
374,2013,Wolkswagen,Brakes,2013 Wolkswagen Brakes
375,2013,Wolkswagen,Radiator,2013 Wolkswagen Radiator
376,2013,Wolkswagen,Shock Absorbers,2013 Wolkswagen Shock Absorbers
377,2013,Wolkswagen,Muffler,2013 Wolkswagen Muffler
378,2013,Wolkswagen,Catalytic Converter,2013 Wolkswagen Catalytic Converter
379,2013,Wolkswagen,Alternator,2013 Wolkswagen Alternator
380,2013,Wolkswagen,Heat Guage,2013 Wolkswagen Heat Guage
381,2013,Nissan,Battery,2013 Nissan Battery
382,2013,Nissan,Oil Filters,2013 Nissan Oil Filters
383,2013,Nissan,Air Filters,2013 Nissan Air Filters
384,2013,Nissan,Brakes,2013 Nissan Brakes
385,2013,Nissan,Radiator,2013 Nissan Radiator
386,2013,Nissan,Shock Absorbers,2013 Nissan Shock Absorbers
387,2013,Nissan,Muffler,2013 Nissan Muffler
388,2013,Nissan,Catalytic Converter,2013 Nissan Catalytic Converter
389,2013,Nissan,Alternator,2013 Nissan Alternator
390,2013,Nissan,Heat Guage,2013 Nissan Heat Guage
391,2013,Suzuki,Battery,2013 Suzuki Battery
392,2013,Suzuki,Oil Filters,2013 Suzuki Oil Filters
393,2013,Suzuki,Air Filters,2013 Suzuki Air Filters
394,2013,Suzuki,Brakes,2013 Suzuki Brakes
395,2013,Suzuki,Radiator,2013 Suzuki Radiator
396,2013,Suzuki,Shock Absorbers,2013 Suzuki Shock Absorbers
397,2013,Suzuki,Muffler,2013 Suzuki Muffler
398,2013,Suzuki,Catalytic Converter,2013 Suzuki Catalytic Converter
399,2013,Suzuki,Alternator,2013 Suzuki Alternator
400,2013,Suzuki,Heat Guage,2013 Suzuki Heat Guage
401,2014,Toyota,Battery,2014 Toyota Battery
402,2014,Toyota,Oil Filters,2014 Toyota Oil Filters
403,2014,Toyota,Air Filters,2014 Toyota Air Filters
404,2014,Toyota,Brakes,2014 Toyota Brakes
405,2014,Toyota,Radiator,2014 Toyota Radiator
406,2014,Toyota,Shock Absorbers,2014 Toyota Shock Absorbers
407,2014,Toyota,Muffler,2014 Toyota Muffler
408,2014,Toyota,Catalytic Converter,2014 Toyota Catalytic Converter
409,2014,Toyota,Alternator,2014 Toyota Alternator
410,2014,Toyota,Heat Guage,2014 Toyota Heat Guage
411,2014,Honda,Battery,2014 Honda Battery
412,2014,Honda,Oil Filters,2014 Honda Oil Filters
413,2014,Honda,Air Filters,2014 Honda Air Filters
414,2014,Honda,Brakes,2014 Honda Brakes
415,2014,Honda,Radiator,2014 Honda Radiator
416,2014,Honda,Shock Absorbers,2014 Honda Shock Absorbers
417,2014,Honda,Muffler,2014 Honda Muffler
418,2014,Honda,Catalytic Converter,2014 Honda Catalytic Converter
419,2014,Honda,Alternator,2014 Honda Alternator
420,2014,Honda,Heat Guage,2014 Honda Heat Guage
421,2014,Ford,Battery,2014 Ford Battery
422,2014,Ford,Oil Filters,2014 Ford Oil Filters
423,2014,Ford,Air Filters,2014 Ford Air Filters
424,2014,Ford,Brakes,2014 Ford Brakes
425,2014,Ford,Radiator,2014 Ford Radiator
426,2014,Ford,Shock Absorbers,2014 Ford Shock Absorbers
427,2014,Ford,Muffler,2014 Ford Muffler
428,2014,Ford,Catalytic Converter,2014 Ford Catalytic Converter
429,2014,Ford,Alternator,2014 Ford Alternator
430,2014,Ford,Heat Guage,2014 Ford Heat Guage
431,2014,Mercedes Benz,Battery,2014 Mercedes Benz Battery
432,2014,Mercedes Benz,Oil Filters,2014 Mercedes Benz Oil Filters
433,2014,Mercedes Benz,Air Filters,2014 Mercedes Benz Air Filters
434,2014,Mercedes Benz,Brakes,2014 Mercedes Benz Brakes
435,2014,Mercedes Benz,Radiator,2014 Mercedes Benz Radiator
436,2014,Mercedes Benz,Shock Absorbers,2014 Mercedes Benz Shock Absorbers
437,2014,Mercedes Benz,Muffler,2014 Mercedes Benz Muffler
438,2014,Mercedes Benz,Catalytic Converter,2014 Mercedes Benz Catalytic Converter
439,2014,Mercedes Benz,Alternator,2014 Mercedes Benz Alternator
440,2014,Mercedes Benz,Heat Guage,2014 Mercedes Benz Heat Guage
441,2014,Tesla,Battery,2014 Tesla Battery
442,2014,Tesla,Oil Filters,2014 Tesla Oil Filters
443,2014,Tesla,Air Filters,2014 Tesla Air Filters
444,2014,Tesla,Brakes,2014 Tesla Brakes
445,2014,Tesla,Radiator,2014 Tesla Radiator
446,2014,Tesla,Shock Absorbers,2014 Tesla Shock Absorbers
447,2014,Tesla,Muffler,2014 Tesla Muffler
448,2014,Tesla,Catalytic Converter,2014 Tesla Catalytic Converter
449,2014,Tesla,Alternator,2014 Tesla Alternator
450,2014,Tesla,Heat Guage,2014 Tesla Heat Guage
451,2014,BMW,Battery,2014 BMW Battery
452,2014,BMW,Oil Filters,2014 BMW Oil Filters
453,2014,BMW,Air Filters,2014 BMW Air Filters
454,2014,BMW,Brakes,2014 BMW Brakes
455,2014,BMW,Radiator,2014 BMW Radiator
456,2014,BMW,Shock Absorbers,2014 BMW Shock Absorbers
457,2014,BMW,Muffler,2014 BMW Muffler
458,2014,BMW,Catalytic Converter,2014 BMW Catalytic Converter
459,2014,BMW,Alternator,2014 BMW Alternator
460,2014,BMW,Heat Guage,2014 BMW Heat Guage
461,2014,Hyundai,Battery,2014 Hyundai Battery
462,2014,Hyundai,Oil Filters,2014 Hyundai Oil Filters
463,2014,Hyundai,Air Filters,2014 Hyundai Air Filters
464,2014,Hyundai,Brakes,2014 Hyundai Brakes
465,2014,Hyundai,Radiator,2014 Hyundai Radiator
466,2014,Hyundai,Shock Absorbers,2014 Hyundai Shock Absorbers
467,2014,Hyundai,Muffler,2014 Hyundai Muffler
468,2014,Hyundai,Catalytic Converter,2014 Hyundai Catalytic Converter
469,2014,Hyundai,Alternator,2014 Hyundai Alternator
470,2014,Hyundai,Heat Guage,2014 Hyundai Heat Guage
471,2014,Wolkswagen,Battery,2014 Wolkswagen Battery
472,2014,Wolkswagen,Oil Filters,2014 Wolkswagen Oil Filters
473,2014,Wolkswagen,Air Filters,2014 Wolkswagen Air Filters
474,2014,Wolkswagen,Brakes,2014 Wolkswagen Brakes
475,2014,Wolkswagen,Radiator,2014 Wolkswagen Radiator
476,2014,Wolkswagen,Shock Absorbers,2014 Wolkswagen Shock Absorbers
477,2014,Wolkswagen,Muffler,2014 Wolkswagen Muffler
478,2014,Wolkswagen,Catalytic Converter,2014 Wolkswagen Catalytic Converter
479,2014,Wolkswagen,Alternator,2014 Wolkswagen Alternator
480,2014,Wolkswagen,Heat Guage,2014 Wolkswagen Heat Guage
481,2014,Nissan,Battery,2014 Nissan Battery
482,2014,Nissan,Oil Filters,2014 Nissan Oil Filters
483,2014,Nissan,Air Filters,2014 Nissan Air Filters
484,2014,Nissan,Brakes,2014 Nissan Brakes
485,2014,Nissan,Radiator,2014 Nissan Radiator
486,2014,Nissan,Shock Absorbers,2014 Nissan Shock Absorbers
487,2014,Nissan,Muffler,2014 Nissan Muffler
488,2014,Nissan,Catalytic Converter,2014 Nissan Catalytic Converter
489,2014,Nissan,Alternator,2014 Nissan Alternator
490,2014,Nissan,Heat Guage,2014 Nissan Heat Guage
491,2014,Suzuki,Battery,2014 Suzuki Battery
492,2014,Suzuki,Oil Filters,2014 Suzuki Oil Filters
493,2014,Suzuki,Air Filters,2014 Suzuki Air Filters
494,2014,Suzuki,Brakes,2014 Suzuki Brakes
495,2014,Suzuki,Radiator,2014 Suzuki Radiator
496,2014,Suzuki,Shock Absorbers,2014 Suzuki Shock Absorbers
497,2014,Suzuki,Muffler,2014 Suzuki Muffler
498,2014,Suzuki,Catalytic Converter,2014 Suzuki Catalytic Converter
499,2014,Suzuki,Alternator,2014 Suzuki Alternator
500,2014,Suzuki,Heat Guage,2014 Suzuki Heat Guage
501,2015,Toyota,Battery,2015 Toyota Battery
502,2015,Toyota,Oil Filters,2015 Toyota Oil Filters
503,2015,Toyota,Air Filters,2015 Toyota Air Filters
504,2015,Toyota,Brakes,2015 Toyota Brakes
505,2015,Toyota,Radiator,2015 Toyota Radiator
506,2015,Toyota,Shock Absorbers,2015 Toyota Shock Absorbers
507,2015,Toyota,Muffler,2015 Toyota Muffler
508,2015,Toyota,Catalytic Converter,2015 Toyota Catalytic Converter
509,2015,Toyota,Alternator,2015 Toyota Alternator
510,2015,Toyota,Heat Guage,2015 Toyota Heat Guage
511,2015,Honda,Battery,2015 Honda Battery
512,2015,Honda,Oil Filters,2015 Honda Oil Filters
513,2015,Honda,Air Filters,2015 Honda Air Filters
514,2015,Honda,Brakes,2015 Honda Brakes
515,2015,Honda,Radiator,2015 Honda Radiator
516,2015,Honda,Shock Absorbers,2015 Honda Shock Absorbers
517,2015,Honda,Muffler,2015 Honda Muffler
518,2015,Honda,Catalytic Converter,2015 Honda Catalytic Converter
519,2015,Honda,Alternator,2015 Honda Alternator
520,2015,Honda,Heat Guage,2015 Honda Heat Guage
521,2015,Ford,Battery,2015 Ford Battery
522,2015,Ford,Oil Filters,2015 Ford Oil Filters
523,2015,Ford,Air Filters,2015 Ford Air Filters
524,2015,Ford,Brakes,2015 Ford Brakes
525,2015,Ford,Radiator,2015 Ford Radiator
526,2015,Ford,Shock Absorbers,2015 Ford Shock Absorbers
527,2015,Ford,Muffler,2015 Ford Muffler
528,2015,Ford,Catalytic Converter,2015 Ford Catalytic Converter
529,2015,Ford,Alternator,2015 Ford Alternator
530,2015,Ford,Heat Guage,2015 Ford Heat Guage
531,2015,Mercedes Benz,Battery,2015 Mercedes Benz Battery
532,2015,Mercedes Benz,Oil Filters,2015 Mercedes Benz Oil Filters
533,2015,Mercedes Benz,Air Filters,2015 Mercedes Benz Air Filters
534,2015,Mercedes Benz,Brakes,2015 Mercedes Benz Brakes
535,2015,Mercedes Benz,Radiator,2015 Mercedes Benz Radiator
536,2015,Mercedes Benz,Shock Absorbers,2015 Mercedes Benz Shock Absorbers
537,2015,Mercedes Benz,Muffler,2015 Mercedes Benz Muffler
538,2015,Mercedes Benz,Catalytic Converter,2015 Mercedes Benz Catalytic Converter
539,2015,Mercedes Benz,Alternator,2015 Mercedes Benz Alternator
540,2015,Mercedes Benz,Heat Guage,2015 Mercedes Benz Heat Guage
541,2015,Tesla,Battery,2015 Tesla Battery
542,2015,Tesla,Oil Filters,2015 Tesla Oil Filters
543,2015,Tesla,Air Filters,2015 Tesla Air Filters
544,2015,Tesla,Brakes,2015 Tesla Brakes
545,2015,Tesla,Radiator,2015 Tesla Radiator
546,2015,Tesla,Shock Absorbers,2015 Tesla Shock Absorbers
547,2015,Tesla,Muffler,2015 Tesla Muffler
548,2015,Tesla,Catalytic Converter,2015 Tesla Catalytic Converter
549,2015,Tesla,Alternator,2015 Tesla Alternator
550,2015,Tesla,Heat Guage,2015 Tesla Heat Guage
551,2015,BMW,Battery,2015 BMW Battery
552,2015,BMW,Oil Filters,2015 BMW Oil Filters
553,2015,BMW,Air Filters,2015 BMW Air Filters
554,2015,BMW,Brakes,2015 BMW Brakes
555,2015,BMW,Radiator,2015 BMW Radiator
556,2015,BMW,Shock Absorbers,2015 BMW Shock Absorbers
557,2015,BMW,Muffler,2015 BMW Muffler
558,2015,BMW,Catalytic Converter,2015 BMW Catalytic Converter
559,2015,BMW,Alternator,2015 BMW Alternator
560,2015,BMW,Heat Guage,2015 BMW Heat Guage
561,2015,Hyundai,Battery,2015 Hyundai Battery
562,2015,Hyundai,Oil Filters,2015 Hyundai Oil Filters
563,2015,Hyundai,Air Filters,2015 Hyundai Air Filters
564,2015,Hyundai,Brakes,2015 Hyundai Brakes
565,2015,Hyundai,Radiator,2015 Hyundai Radiator
566,2015,Hyundai,Shock Absorbers,2015 Hyundai Shock Absorbers
567,2015,Hyundai,Muffler,2015 Hyundai Muffler
568,2015,Hyundai,Catalytic Converter,2015 Hyundai Catalytic Converter
569,2015,Hyundai,Alternator,2015 Hyundai Alternator
570,2015,Hyundai,Heat Guage,2015 Hyundai Heat Guage
571,2015,Wolkswagen,Battery,2015 Wolkswagen Battery
572,2015,Wolkswagen,Oil Filters,2015 Wolkswagen Oil Filters
573,2015,Wolkswagen,Air Filters,2015 Wolkswagen Air Filters
574,2015,Wolkswagen,Brakes,2015 Wolkswagen Brakes
575,2015,Wolkswagen,Radiator,2015 Wolkswagen Radiator
576,2015,Wolkswagen,Shock Absorbers,2015 Wolkswagen Shock Absorbers
577,2015,Wolkswagen,Muffler,2015 Wolkswagen Muffler
578,2015,Wolkswagen,Catalytic Converter,2015 Wolkswagen Catalytic Converter
579,2015,Wolkswagen,Alternator,2015 Wolkswagen Alternator
580,2015,Wolkswagen,Heat Guage,2015 Wolkswagen Heat Guage
581,2015,Nissan,Battery,2015 Nissan Battery
582,2015,Nissan,Oil Filters,2015 Nissan Oil Filters
583,2015,Nissan,Air Filters,2015 Nissan Air Filters
584,2015,Nissan,Brakes,2015 Nissan Brakes
585,2015,Nissan,Radiator,2015 Nissan Radiator
586,2015,Nissan,Shock Absorbers,2015 Nissan Shock Absorbers
587,2015,Nissan,Muffler,2015 Nissan Muffler
588,2015,Nissan,Catalytic Converter,2015 Nissan Catalytic Converter
589,2015,Nissan,Alternator,2015 Nissan Alternator
590,2015,Nissan,Heat Guage,2015 Nissan Heat Guage
591,2015,Suzuki,Battery,2015 Suzuki Battery
592,2015,Suzuki,Oil Filters,2015 Suzuki Oil Filters
593,2015,Suzuki,Air Filters,2015 Suzuki Air Filters
594,2015,Suzuki,Brakes,2015 Suzuki Brakes
595,2015,Suzuki,Radiator,2015 Suzuki Radiator
596,2015,Suzuki,Shock Absorbers,2015 Suzuki Shock Absorbers
597,2015,Suzuki,Muffler,2015 Suzuki Muffler
598,2015,Suzuki,Catalytic Converter,2015 Suzuki Catalytic Converter
599,2015,Suzuki,Alternator,2015 Suzuki Alternator
600,2015,Suzuki,Heat Guage,2015 Suzuki Heat Guage
601,2016,Toyota,Battery,2016 Toyota Battery
602,2016,Toyota,Oil Filters,2016 Toyota Oil Filters
603,2016,Toyota,Air Filters,2016 Toyota Air Filters
604,2016,Toyota,Brakes,2016 Toyota Brakes
605,2016,Toyota,Radiator,2016 Toyota Radiator
606,2016,Toyota,Shock Absorbers,2016 Toyota Shock Absorbers
607,2016,Toyota,Muffler,2016 Toyota Muffler
608,2016,Toyota,Catalytic Converter,2016 Toyota Catalytic Converter
609,2016,Toyota,Alternator,2016 Toyota Alternator
610,2016,Toyota,Heat Guage,2016 Toyota Heat Guage
611,2016,Honda,Battery,2016 Honda Battery
612,2016,Honda,Oil Filters,2016 Honda Oil Filters
613,2016,Honda,Air Filters,2016 Honda Air Filters
614,2016,Honda,Brakes,2016 Honda Brakes
615,2016,Honda,Radiator,2016 Honda Radiator
616,2016,Honda,Shock Absorbers,2016 Honda Shock Absorbers
617,2016,Honda,Muffler,2016 Honda Muffler
618,2016,Honda,Catalytic Converter,2016 Honda Catalytic Converter
619,2016,Honda,Alternator,2016 Honda Alternator
620,2016,Honda,Heat Guage,2016 Honda Heat Guage
621,2016,Ford,Battery,2016 Ford Battery
622,2016,Ford,Oil Filters,2016 Ford Oil Filters
623,2016,Ford,Air Filters,2016 Ford Air Filters
624,2016,Ford,Brakes,2016 Ford Brakes
625,2016,Ford,Radiator,2016 Ford Radiator
626,2016,Ford,Shock Absorbers,2016 Ford Shock Absorbers
627,2016,Ford,Muffler,2016 Ford Muffler
628,2016,Ford,Catalytic Converter,2016 Ford Catalytic Converter
629,2016,Ford,Alternator,2016 Ford Alternator
630,2016,Ford,Heat Guage,2016 Ford Heat Guage
631,2016,Mercedes Benz,Battery,2016 Mercedes Benz Battery
632,2016,Mercedes Benz,Oil Filters,2016 Mercedes Benz Oil Filters
633,2016,Mercedes Benz,Air Filters,2016 Mercedes Benz Air Filters
634,2016,Mercedes Benz,Brakes,2016 Mercedes Benz Brakes
635,2016,Mercedes Benz,Radiator,2016 Mercedes Benz Radiator
636,2016,Mercedes Benz,Shock Absorbers,2016 Mercedes Benz Shock Absorbers
637,2016,Mercedes Benz,Muffler,2016 Mercedes Benz Muffler
638,2016,Mercedes Benz,Catalytic Converter,2016 Mercedes Benz Catalytic Converter
639,2016,Mercedes Benz,Alternator,2016 Mercedes Benz Alternator
640,2016,Mercedes Benz,Heat Guage,2016 Mercedes Benz Heat Guage
641,2016,Tesla,Battery,2016 Tesla Battery
642,2016,Tesla,Oil Filters,2016 Tesla Oil Filters
643,2016,Tesla,Air Filters,2016 Tesla Air Filters
644,2016,Tesla,Brakes,2016 Tesla Brakes
645,2016,Tesla,Radiator,2016 Tesla Radiator
646,2016,Tesla,Shock Absorbers,2016 Tesla Shock Absorbers
647,2016,Tesla,Muffler,2016 Tesla Muffler
648,2016,Tesla,Catalytic Converter,2016 Tesla Catalytic Converter
649,2016,Tesla,Alternator,2016 Tesla Alternator
650,2016,Tesla,Heat Guage,2016 Tesla Heat Guage
651,2016,BMW,Battery,2016 BMW Battery
652,2016,BMW,Oil Filters,2016 BMW Oil Filters
653,2016,BMW,Air Filters,2016 BMW Air Filters
654,2016,BMW,Brakes,2016 BMW Brakes
655,2016,BMW,Radiator,2016 BMW Radiator
656,2016,BMW,Shock Absorbers,2016 BMW Shock Absorbers
657,2016,BMW,Muffler,2016 BMW Muffler
658,2016,BMW,Catalytic Converter,2016 BMW Catalytic Converter
659,2016,BMW,Alternator,2016 BMW Alternator
660,2016,BMW,Heat Guage,2016 BMW Heat Guage
661,2016,Hyundai,Battery,2016 Hyundai Battery
662,2016,Hyundai,Oil Filters,2016 Hyundai Oil Filters
663,2016,Hyundai,Air Filters,2016 Hyundai Air Filters
664,2016,Hyundai,Brakes,2016 Hyundai Brakes
665,2016,Hyundai,Radiator,2016 Hyundai Radiator
666,2016,Hyundai,Shock Absorbers,2016 Hyundai Shock Absorbers
667,2016,Hyundai,Muffler,2016 Hyundai Muffler
668,2016,Hyundai,Catalytic Converter,2016 Hyundai Catalytic Converter
669,2016,Hyundai,Alternator,2016 Hyundai Alternator
670,2016,Hyundai,Heat Guage,2016 Hyundai Heat Guage
671,2016,Wolkswagen,Battery,2016 Wolkswagen Battery
672,2016,Wolkswagen,Oil Filters,2016 Wolkswagen Oil Filters
673,2016,Wolkswagen,Air Filters,2016 Wolkswagen Air Filters
674,2016,Wolkswagen,Brakes,2016 Wolkswagen Brakes
675,2016,Wolkswagen,Radiator,2016 Wolkswagen Radiator
676,2016,Wolkswagen,Shock Absorbers,2016 Wolkswagen Shock Absorbers
677,2016,Wolkswagen,Muffler,2016 Wolkswagen Muffler
678,2016,Wolkswagen,Catalytic Converter,2016 Wolkswagen Catalytic Converter
679,2016,Wolkswagen,Alternator,2016 Wolkswagen Alternator
680,2016,Wolkswagen,Heat Guage,2016 Wolkswagen Heat Guage
681,2016,Nissan,Battery,2016 Nissan Battery
682,2016,Nissan,Oil Filters,2016 Nissan Oil Filters
683,2016,Nissan,Air Filters,2016 Nissan Air Filters
684,2016,Nissan,Brakes,2016 Nissan Brakes
685,2016,Nissan,Radiator,2016 Nissan Radiator
686,2016,Nissan,Shock Absorbers,2016 Nissan Shock Absorbers
687,2016,Nissan,Muffler,2016 Nissan Muffler
688,2016,Nissan,Catalytic Converter,2016 Nissan Catalytic Converter
689,2016,Nissan,Alternator,2016 Nissan Alternator
690,2016,Nissan,Heat Guage,2016 Nissan Heat Guage
691,2016,Suzuki,Battery,2016 Suzuki Battery
692,2016,Suzuki,Oil Filters,2016 Suzuki Oil Filters
693,2016,Suzuki,Air Filters,2016 Suzuki Air Filters
694,2016,Suzuki,Brakes,2016 Suzuki Brakes
695,2016,Suzuki,Radiator,2016 Suzuki Radiator
696,2016,Suzuki,Shock Absorbers,2016 Suzuki Shock Absorbers
697,2016,Suzuki,Muffler,2016 Suzuki Muffler
698,2016,Suzuki,Catalytic Converter,2016 Suzuki Catalytic Converter
699,2016,Suzuki,Alternator,2016 Suzuki Alternator
700,2016,Suzuki,Heat Guage,2016 Suzuki Heat Guage
701,2017,Toyota,Battery,2017 Toyota Battery
702,2017,Toyota,Oil Filters,2017 Toyota Oil Filters
703,2017,Toyota,Air Filters,2017 Toyota Air Filters
704,2017,Toyota,Brakes,2017 Toyota Brakes
705,2017,Toyota,Radiator,2017 Toyota Radiator
706,2017,Toyota,Shock Absorbers,2017 Toyota Shock Absorbers
707,2017,Toyota,Muffler,2017 Toyota Muffler
708,2017,Toyota,Catalytic Converter,2017 Toyota Catalytic Converter
709,2017,Toyota,Alternator,2017 Toyota Alternator
710,2017,Toyota,Heat Guage,2017 Toyota Heat Guage
711,2017,Honda,Battery,2017 Honda Battery
712,2017,Honda,Oil Filters,2017 Honda Oil Filters
713,2017,Honda,Air Filters,2017 Honda Air Filters
714,2017,Honda,Brakes,2017 Honda Brakes
715,2017,Honda,Radiator,2017 Honda Radiator
716,2017,Honda,Shock Absorbers,2017 Honda Shock Absorbers
717,2017,Honda,Muffler,2017 Honda Muffler
718,2017,Honda,Catalytic Converter,2017 Honda Catalytic Converter
719,2017,Honda,Alternator,2017 Honda Alternator
720,2017,Honda,Heat Guage,2017 Honda Heat Guage
721,2017,Ford,Battery,2017 Ford Battery
722,2017,Ford,Oil Filters,2017 Ford Oil Filters
723,2017,Ford,Air Filters,2017 Ford Air Filters
724,2017,Ford,Brakes,2017 Ford Brakes
725,2017,Ford,Radiator,2017 Ford Radiator
726,2017,Ford,Shock Absorbers,2017 Ford Shock Absorbers
727,2017,Ford,Muffler,2017 Ford Muffler
728,2017,Ford,Catalytic Converter,2017 Ford Catalytic Converter
729,2017,Ford,Alternator,2017 Ford Alternator
730,2017,Ford,Heat Guage,2017 Ford Heat Guage
731,2017,Mercedes Benz,Battery,2017 Mercedes Benz Battery
732,2017,Mercedes Benz,Oil Filters,2017 Mercedes Benz Oil Filters
733,2017,Mercedes Benz,Air Filters,2017 Mercedes Benz Air Filters
734,2017,Mercedes Benz,Brakes,2017 Mercedes Benz Brakes
735,2017,Mercedes Benz,Radiator,2017 Mercedes Benz Radiator
736,2017,Mercedes Benz,Shock Absorbers,2017 Mercedes Benz Shock Absorbers
737,2017,Mercedes Benz,Muffler,2017 Mercedes Benz Muffler
738,2017,Mercedes Benz,Catalytic Converter,2017 Mercedes Benz Catalytic Converter
739,2017,Mercedes Benz,Alternator,2017 Mercedes Benz Alternator
740,2017,Mercedes Benz,Heat Guage,2017 Mercedes Benz Heat Guage
741,2017,Tesla,Battery,2017 Tesla Battery
742,2017,Tesla,Oil Filters,2017 Tesla Oil Filters
743,2017,Tesla,Air Filters,2017 Tesla Air Filters
744,2017,Tesla,Brakes,2017 Tesla Brakes
745,2017,Tesla,Radiator,2017 Tesla Radiator
746,2017,Tesla,Shock Absorbers,2017 Tesla Shock Absorbers
747,2017,Tesla,Muffler,2017 Tesla Muffler
748,2017,Tesla,Catalytic Converter,2017 Tesla Catalytic Converter
749,2017,Tesla,Alternator,2017 Tesla Alternator
750,2017,Tesla,Heat Guage,2017 Tesla Heat Guage
751,2017,BMW,Battery,2017 BMW Battery
752,2017,BMW,Oil Filters,2017 BMW Oil Filters
753,2017,BMW,Air Filters,2017 BMW Air Filters
754,2017,BMW,Brakes,2017 BMW Brakes
755,2017,BMW,Radiator,2017 BMW Radiator
756,2017,BMW,Shock Absorbers,2017 BMW Shock Absorbers
757,2017,BMW,Muffler,2017 BMW Muffler
758,2017,BMW,Catalytic Converter,2017 BMW Catalytic Converter
759,2017,BMW,Alternator,2017 BMW Alternator
760,2017,BMW,Heat Guage,2017 BMW Heat Guage
761,2017,Hyundai,Battery,2017 Hyundai Battery
762,2017,Hyundai,Oil Filters,2017 Hyundai Oil Filters
763,2017,Hyundai,Air Filters,2017 Hyundai Air Filters
764,2017,Hyundai,Brakes,2017 Hyundai Brakes
765,2017,Hyundai,Radiator,2017 Hyundai Radiator
766,2017,Hyundai,Shock Absorbers,2017 Hyundai Shock Absorbers
767,2017,Hyundai,Muffler,2017 Hyundai Muffler
768,2017,Hyundai,Catalytic Converter,2017 Hyundai Catalytic Converter
769,2017,Hyundai,Alternator,2017 Hyundai Alternator
770,2017,Hyundai,Heat Guage,2017 Hyundai Heat Guage
771,2017,Wolkswagen,Battery,2017 Wolkswagen Battery
772,2017,Wolkswagen,Oil Filters,2017 Wolkswagen Oil Filters
773,2017,Wolkswagen,Air Filters,2017 Wolkswagen Air Filters
774,2017,Wolkswagen,Brakes,2017 Wolkswagen Brakes
775,2017,Wolkswagen,Radiator,2017 Wolkswagen Radiator
776,2017,Wolkswagen,Shock Absorbers,2017 Wolkswagen Shock Absorbers
777,2017,Wolkswagen,Muffler,2017 Wolkswagen Muffler
778,2017,Wolkswagen,Catalytic Converter,2017 Wolkswagen Catalytic Converter
779,2017,Wolkswagen,Alternator,2017 Wolkswagen Alternator
780,2017,Wolkswagen,Heat Guage,2017 Wolkswagen Heat Guage
781,2017,Nissan,Battery,2017 Nissan Battery
782,2017,Nissan,Oil Filters,2017 Nissan Oil Filters
783,2017,Nissan,Air Filters,2017 Nissan Air Filters
784,2017,Nissan,Brakes,2017 Nissan Brakes
785,2017,Nissan,Radiator,2017 Nissan Radiator
786,2017,Nissan,Shock Absorbers,2017 Nissan Shock Absorbers
787,2017,Nissan,Muffler,2017 Nissan Muffler
788,2017,Nissan,Catalytic Converter,2017 Nissan Catalytic Converter
789,2017,Nissan,Alternator,2017 Nissan Alternator
790,2017,Nissan,Heat Guage,2017 Nissan Heat Guage
791,2017,Suzuki,Battery,2017 Suzuki Battery
792,2017,Suzuki,Oil Filters,2017 Suzuki Oil Filters
793,2017,Suzuki,Air Filters,2017 Suzuki Air Filters
794,2017,Suzuki,Brakes,2017 Suzuki Brakes
795,2017,Suzuki,Radiator,2017 Suzuki Radiator
796,2017,Suzuki,Shock Absorbers,2017 Suzuki Shock Absorbers
797,2017,Suzuki,Muffler,2017 Suzuki Muffler
798,2017,Suzuki,Catalytic Converter,2017 Suzuki Catalytic Converter
799,2017,Suzuki,Alternator,2017 Suzuki Alternator
800,2017,Suzuki,Heat Guage,2017 Suzuki Heat Guage
801,2018,Toyota,Battery,2018 Toyota Battery
802,2018,Toyota,Oil Filters,2018 Toyota Oil Filters
803,2018,Toyota,Air Filters,2018 Toyota Air Filters
804,2018,Toyota,Brakes,2018 Toyota Brakes
805,2018,Toyota,Radiator,2018 Toyota Radiator
806,2018,Toyota,Shock Absorbers,2018 Toyota Shock Absorbers
807,2018,Toyota,Muffler,2018 Toyota Muffler
808,2018,Toyota,Catalytic Converter,2018 Toyota Catalytic Converter
809,2018,Toyota,Alternator,2018 Toyota Alternator
810,2018,Toyota,Heat Guage,2018 Toyota Heat Guage
811,2018,Honda,Battery,2018 Honda Battery
812,2018,Honda,Oil Filters,2018 Honda Oil Filters
813,2018,Honda,Air Filters,2018 Honda Air Filters
814,2018,Honda,Brakes,2018 Honda Brakes
815,2018,Honda,Radiator,2018 Honda Radiator
816,2018,Honda,Shock Absorbers,2018 Honda Shock Absorbers
817,2018,Honda,Muffler,2018 Honda Muffler
818,2018,Honda,Catalytic Converter,2018 Honda Catalytic Converter
819,2018,Honda,Alternator,2018 Honda Alternator
820,2018,Honda,Heat Guage,2018 Honda Heat Guage
821,2018,Ford,Battery,2018 Ford Battery
822,2018,Ford,Oil Filters,2018 Ford Oil Filters
823,2018,Ford,Air Filters,2018 Ford Air Filters
824,2018,Ford,Brakes,2018 Ford Brakes
825,2018,Ford,Radiator,2018 Ford Radiator
826,2018,Ford,Shock Absorbers,2018 Ford Shock Absorbers
827,2018,Ford,Muffler,2018 Ford Muffler
828,2018,Ford,Catalytic Converter,2018 Ford Catalytic Converter
829,2018,Ford,Alternator,2018 Ford Alternator
830,2018,Ford,Heat Guage,2018 Ford Heat Guage
831,2018,Mercedes Benz,Battery,2018 Mercedes Benz Battery
832,2018,Mercedes Benz,Oil Filters,2018 Mercedes Benz Oil Filters
833,2018,Mercedes Benz,Air Filters,2018 Mercedes Benz Air Filters
834,2018,Mercedes Benz,Brakes,2018 Mercedes Benz Brakes
835,2018,Mercedes Benz,Radiator,2018 Mercedes Benz Radiator
836,2018,Mercedes Benz,Shock Absorbers,2018 Mercedes Benz Shock Absorbers
837,2018,Mercedes Benz,Muffler,2018 Mercedes Benz Muffler
838,2018,Mercedes Benz,Catalytic Converter,2018 Mercedes Benz Catalytic Converter
839,2018,Mercedes Benz,Alternator,2018 Mercedes Benz Alternator
840,2018,Mercedes Benz,Heat Guage,2018 Mercedes Benz Heat Guage
841,2018,Tesla,Battery,2018 Tesla Battery
842,2018,Tesla,Oil Filters,2018 Tesla Oil Filters
843,2018,Tesla,Air Filters,2018 Tesla Air Filters
844,2018,Tesla,Brakes,2018 Tesla Brakes
845,2018,Tesla,Radiator,2018 Tesla Radiator
846,2018,Tesla,Shock Absorbers,2018 Tesla Shock Absorbers
847,2018,Tesla,Muffler,2018 Tesla Muffler
848,2018,Tesla,Catalytic Converter,2018 Tesla Catalytic Converter
849,2018,Tesla,Alternator,2018 Tesla Alternator
850,2018,Tesla,Heat Guage,2018 Tesla Heat Guage
851,2018,BMW,Battery,2018 BMW Battery
852,2018,BMW,Oil Filters,2018 BMW Oil Filters
853,2018,BMW,Air Filters,2018 BMW Air Filters
854,2018,BMW,Brakes,2018 BMW Brakes
855,2018,BMW,Radiator,2018 BMW Radiator
856,2018,BMW,Shock Absorbers,2018 BMW Shock Absorbers
857,2018,BMW,Muffler,2018 BMW Muffler
858,2018,BMW,Catalytic Converter,2018 BMW Catalytic Converter
859,2018,BMW,Alternator,2018 BMW Alternator
860,2018,BMW,Heat Guage,2018 BMW Heat Guage
861,2018,Hyundai,Battery,2018 Hyundai Battery
862,2018,Hyundai,Oil Filters,2018 Hyundai Oil Filters
863,2018,Hyundai,Air Filters,2018 Hyundai Air Filters
864,2018,Hyundai,Brakes,2018 Hyundai Brakes
865,2018,Hyundai,Radiator,2018 Hyundai Radiator
866,2018,Hyundai,Shock Absorbers,2018 Hyundai Shock Absorbers
867,2018,Hyundai,Muffler,2018 Hyundai Muffler
868,2018,Hyundai,Catalytic Converter,2018 Hyundai Catalytic Converter
869,2018,Hyundai,Alternator,2018 Hyundai Alternator
870,2018,Hyundai,Heat Guage,2018 Hyundai Heat Guage
871,2018,Wolkswagen,Battery,2018 Wolkswagen Battery
872,2018,Wolkswagen,Oil Filters,2018 Wolkswagen Oil Filters
873,2018,Wolkswagen,Air Filters,2018 Wolkswagen Air Filters
874,2018,Wolkswagen,Brakes,2018 Wolkswagen Brakes
875,2018,Wolkswagen,Radiator,2018 Wolkswagen Radiator
876,2018,Wolkswagen,Shock Absorbers,2018 Wolkswagen Shock Absorbers
877,2018,Wolkswagen,Muffler,2018 Wolkswagen Muffler
878,2018,Wolkswagen,Catalytic Converter,2018 Wolkswagen Catalytic Converter
879,2018,Wolkswagen,Alternator,2018 Wolkswagen Alternator
880,2018,Wolkswagen,Heat Guage,2018 Wolkswagen Heat Guage
881,2018,Nissan,Battery,2018 Nissan Battery
882,2018,Nissan,Oil Filters,2018 Nissan Oil Filters
883,2018,Nissan,Air Filters,2018 Nissan Air Filters
884,2018,Nissan,Brakes,2018 Nissan Brakes
885,2018,Nissan,Radiator,2018 Nissan Radiator
886,2018,Nissan,Shock Absorbers,2018 Nissan Shock Absorbers
887,2018,Nissan,Muffler,2018 Nissan Muffler
888,2018,Nissan,Catalytic Converter,2018 Nissan Catalytic Converter
889,2018,Nissan,Alternator,2018 Nissan Alternator
890,2018,Nissan,Heat Guage,2018 Nissan Heat Guage
891,2018,Suzuki,Battery,2018 Suzuki Battery
892,2018,Suzuki,Oil Filters,2018 Suzuki Oil Filters
893,2018,Suzuki,Air Filters,2018 Suzuki Air Filters
894,2018,Suzuki,Brakes,2018 Suzuki Brakes
895,2018,Suzuki,Radiator,2018 Suzuki Radiator
896,2018,Suzuki,Shock Absorbers,2018 Suzuki Shock Absorbers
897,2018,Suzuki,Muffler,2018 Suzuki Muffler
898,2018,Suzuki,Catalytic Converter,2018 Suzuki Catalytic Converter
899,2018,Suzuki,Alternator,2018 Suzuki Alternator
900,2018,Suzuki,Heat Guage,2018 Suzuki Heat Guage
901,2019,Toyota,Battery,2019 Toyota Battery
902,2019,Toyota,Oil Filters,2019 Toyota Oil Filters
903,2019,Toyota,Air Filters,2019 Toyota Air Filters
904,2019,Toyota,Brakes,2019 Toyota Brakes
905,2019,Toyota,Radiator,2019 Toyota Radiator
906,2019,Toyota,Shock Absorbers,2019 Toyota Shock Absorbers
907,2019,Toyota,Muffler,2019 Toyota Muffler
908,2019,Toyota,Catalytic Converter,2019 Toyota Catalytic Converter
909,2019,Toyota,Alternator,2019 Toyota Alternator
910,2019,Toyota,Heat Guage,2019 Toyota Heat Guage
911,2019,Honda,Battery,2019 Honda Battery
912,2019,Honda,Oil Filters,2019 Honda Oil Filters
913,2019,Honda,Air Filters,2019 Honda Air Filters
914,2019,Honda,Brakes,2019 Honda Brakes
915,2019,Honda,Radiator,2019 Honda Radiator
916,2019,Honda,Shock Absorbers,2019 Honda Shock Absorbers
917,2019,Honda,Muffler,2019 Honda Muffler
918,2019,Honda,Catalytic Converter,2019 Honda Catalytic Converter
919,2019,Honda,Alternator,2019 Honda Alternator
920,2019,Honda,Heat Guage,2019 Honda Heat Guage
921,2019,Ford,Battery,2019 Ford Battery
922,2019,Ford,Oil Filters,2019 Ford Oil Filters
923,2019,Ford,Air Filters,2019 Ford Air Filters
924,2019,Ford,Brakes,2019 Ford Brakes
925,2019,Ford,Radiator,2019 Ford Radiator
926,2019,Ford,Shock Absorbers,2019 Ford Shock Absorbers
927,2019,Ford,Muffler,2019 Ford Muffler
928,2019,Ford,Catalytic Converter,2019 Ford Catalytic Converter
929,2019,Ford,Alternator,2019 Ford Alternator
930,2019,Ford,Heat Guage,2019 Ford Heat Guage
931,2019,Mercedes Benz,Battery,2019 Mercedes Benz Battery
932,2019,Mercedes Benz,Oil Filters,2019 Mercedes Benz Oil Filters
933,2019,Mercedes Benz,Air Filters,2019 Mercedes Benz Air Filters
934,2019,Mercedes Benz,Brakes,2019 Mercedes Benz Brakes
935,2019,Mercedes Benz,Radiator,2019 Mercedes Benz Radiator
936,2019,Mercedes Benz,Shock Absorbers,2019 Mercedes Benz Shock Absorbers
937,2019,Mercedes Benz,Muffler,2019 Mercedes Benz Muffler
938,2019,Mercedes Benz,Catalytic Converter,2019 Mercedes Benz Catalytic Converter
939,2019,Mercedes Benz,Alternator,2019 Mercedes Benz Alternator
940,2019,Mercedes Benz,Heat Guage,2019 Mercedes Benz Heat Guage
941,2019,Tesla,Battery,2019 Tesla Battery
942,2019,Tesla,Oil Filters,2019 Tesla Oil Filters
943,2019,Tesla,Air Filters,2019 Tesla Air Filters
944,2019,Tesla,Brakes,2019 Tesla Brakes
945,2019,Tesla,Radiator,2019 Tesla Radiator
946,2019,Tesla,Shock Absorbers,2019 Tesla Shock Absorbers
947,2019,Tesla,Muffler,2019 Tesla Muffler
948,2019,Tesla,Catalytic Converter,2019 Tesla Catalytic Converter
949,2019,Tesla,Alternator,2019 Tesla Alternator
950,2019,Tesla,Heat Guage,2019 Tesla Heat Guage
951,2019,BMW,Battery,2019 BMW Battery
952,2019,BMW,Oil Filters,2019 BMW Oil Filters
953,2019,BMW,Air Filters,2019 BMW Air Filters
954,2019,BMW,Brakes,2019 BMW Brakes
955,2019,BMW,Radiator,2019 BMW Radiator
956,2019,BMW,Shock Absorbers,2019 BMW Shock Absorbers
957,2019,BMW,Muffler,2019 BMW Muffler
958,2019,BMW,Catalytic Converter,2019 BMW Catalytic Converter
959,2019,BMW,Alternator,2019 BMW Alternator
960,2019,BMW,Heat Guage,2019 BMW Heat Guage
961,2019,Hyundai,Battery,2019 Hyundai Battery
962,2019,Hyundai,Oil Filters,2019 Hyundai Oil Filters
963,2019,Hyundai,Air Filters,2019 Hyundai Air Filters
964,2019,Hyundai,Brakes,2019 Hyundai Brakes
965,2019,Hyundai,Radiator,2019 Hyundai Radiator
966,2019,Hyundai,Shock Absorbers,2019 Hyundai Shock Absorbers
967,2019,Hyundai,Muffler,2019 Hyundai Muffler
968,2019,Hyundai,Catalytic Converter,2019 Hyundai Catalytic Converter
969,2019,Hyundai,Alternator,2019 Hyundai Alternator
970,2019,Hyundai,Heat Guage,2019 Hyundai Heat Guage
971,2019,Wolkswagen,Battery,2019 Wolkswagen Battery
972,2019,Wolkswagen,Oil Filters,2019 Wolkswagen Oil Filters
973,2019,Wolkswagen,Air Filters,2019 Wolkswagen Air Filters
974,2019,Wolkswagen,Brakes,2019 Wolkswagen Brakes
975,2019,Wolkswagen,Radiator,2019 Wolkswagen Radiator
976,2019,Wolkswagen,Shock Absorbers,2019 Wolkswagen Shock Absorbers
977,2019,Wolkswagen,Muffler,2019 Wolkswagen Muffler
978,2019,Wolkswagen,Catalytic Converter,2019 Wolkswagen Catalytic Converter
979,2019,Wolkswagen,Alternator,2019 Wolkswagen Alternator
980,2019,Wolkswagen,Heat Guage,2019 Wolkswagen Heat Guage
981,2019,Nissan,Battery,2019 Nissan Battery
982,2019,Nissan,Oil Filters,2019 Nissan Oil Filters
983,2019,Nissan,Air Filters,2019 Nissan Air Filters
984,2019,Nissan,Brakes,2019 Nissan Brakes
985,2019,Nissan,Radiator,2019 Nissan Radiator
986,2019,Nissan,Shock Absorbers,2019 Nissan Shock Absorbers
987,2019,Nissan,Muffler,2019 Nissan Muffler
988,2019,Nissan,Catalytic Converter,2019 Nissan Catalytic Converter
989,2019,Nissan,Alternator,2019 Nissan Alternator
990,2019,Nissan,Heat Guage,2019 Nissan Heat Guage
991,2019,Suzuki,Battery,2019 Suzuki Battery
992,2019,Suzuki,Oil Filters,2019 Suzuki Oil Filters
993,2019,Suzuki,Air Filters,2019 Suzuki Air Filters
994,2019,Suzuki,Brakes,2019 Suzuki Brakes
995,2019,Suzuki,Radiator,2019 Suzuki Radiator
996,2019,Suzuki,Shock Absorbers,2019 Suzuki Shock Absorbers
997,2019,Suzuki,Muffler,2019 Suzuki Muffler
998,2019,Suzuki,Catalytic Converter,2019 Suzuki Catalytic Converter
999,2019,Suzuki,Alternator,2019 Suzuki Alternator
1000,2019,Suzuki,Heat Guage,2019 Suzuki Heat Guage
1001,2020,Toyota,Battery,2020 Toyota Battery
1002,2020,Toyota,Oil Filters,2020 Toyota Oil Filters
1003,2020,Toyota,Air Filters,2020 Toyota Air Filters
1004,2020,Toyota,Brakes,2020 Toyota Brakes
1005,2020,Toyota,Radiator,2020 Toyota Radiator
1006,2020,Toyota,Shock Absorbers,2020 Toyota Shock Absorbers
1007,2020,Toyota,Muffler,2020 Toyota Muffler
1008,2020,Toyota,Catalytic Converter,2020 Toyota Catalytic Converter
1009,2020,Toyota,Alternator,2020 Toyota Alternator
1010,2020,Toyota,Heat Guage,2020 Toyota Heat Guage
1011,2020,Honda,Battery,2020 Honda Battery
1012,2020,Honda,Oil Filters,2020 Honda Oil Filters
1013,2020,Honda,Air Filters,2020 Honda Air Filters
1014,2020,Honda,Brakes,2020 Honda Brakes
1015,2020,Honda,Radiator,2020 Honda Radiator
1016,2020,Honda,Shock Absorbers,2020 Honda Shock Absorbers
1017,2020,Honda,Muffler,2020 Honda Muffler
1018,2020,Honda,Catalytic Converter,2020 Honda Catalytic Converter
1019,2020,Honda,Alternator,2020 Honda Alternator
1020,2020,Honda,Heat Guage,2020 Honda Heat Guage
1021,2020,Ford,Battery,2020 Ford Battery
1022,2020,Ford,Oil Filters,2020 Ford Oil Filters
1023,2020,Ford,Air Filters,2020 Ford Air Filters
1024,2020,Ford,Brakes,2020 Ford Brakes
1025,2020,Ford,Radiator,2020 Ford Radiator
1026,2020,Ford,Shock Absorbers,2020 Ford Shock Absorbers
1027,2020,Ford,Muffler,2020 Ford Muffler
1028,2020,Ford,Catalytic Converter,2020 Ford Catalytic Converter
1029,2020,Ford,Alternator,2020 Ford Alternator
1030,2020,Ford,Heat Guage,2020 Ford Heat Guage
1031,2020,Mercedes Benz,Battery,2020 Mercedes Benz Battery
1032,2020,Mercedes Benz,Oil Filters,2020 Mercedes Benz Oil Filters
1033,2020,Mercedes Benz,Air Filters,2020 Mercedes Benz Air Filters
1034,2020,Mercedes Benz,Brakes,2020 Mercedes Benz Brakes
1035,2020,Mercedes Benz,Radiator,2020 Mercedes Benz Radiator
1036,2020,Mercedes Benz,Shock Absorbers,2020 Mercedes Benz Shock Absorbers
1037,2020,Mercedes Benz,Muffler,2020 Mercedes Benz Muffler
1038,2020,Mercedes Benz,Catalytic Converter,2020 Mercedes Benz Catalytic Converter
1039,2020,Mercedes Benz,Alternator,2020 Mercedes Benz Alternator
1040,2020,Mercedes Benz,Heat Guage,2020 Mercedes Benz Heat Guage
1041,2020,Tesla,Battery,2020 Tesla Battery
1042,2020,Tesla,Oil Filters,2020 Tesla Oil Filters
1043,2020,Tesla,Air Filters,2020 Tesla Air Filters
1044,2020,Tesla,Brakes,2020 Tesla Brakes
1045,2020,Tesla,Radiator,2020 Tesla Radiator
1046,2020,Tesla,Shock Absorbers,2020 Tesla Shock Absorbers
1047,2020,Tesla,Muffler,2020 Tesla Muffler
1048,2020,Tesla,Catalytic Converter,2020 Tesla Catalytic Converter
1049,2020,Tesla,Alternator,2020 Tesla Alternator
1050,2020,Tesla,Heat Guage,2020 Tesla Heat Guage
1051,2020,BMW,Battery,2020 BMW Battery
1052,2020,BMW,Oil Filters,2020 BMW Oil Filters
1053,2020,BMW,Air Filters,2020 BMW Air Filters
1054,2020,BMW,Brakes,2020 BMW Brakes
1055,2020,BMW,Radiator,2020 BMW Radiator
1056,2020,BMW,Shock Absorbers,2020 BMW Shock Absorbers
1057,2020,BMW,Muffler,2020 BMW Muffler
1058,2020,BMW,Catalytic Converter,2020 BMW Catalytic Converter
1059,2020,BMW,Alternator,2020 BMW Alternator
1060,2020,BMW,Heat Guage,2020 BMW Heat Guage
1061,2020,Hyundai,Battery,2020 Hyundai Battery
1062,2020,Hyundai,Oil Filters,2020 Hyundai Oil Filters
1063,2020,Hyundai,Air Filters,2020 Hyundai Air Filters
1064,2020,Hyundai,Brakes,2020 Hyundai Brakes
1065,2020,Hyundai,Radiator,2020 Hyundai Radiator
1066,2020,Hyundai,Shock Absorbers,2020 Hyundai Shock Absorbers
1067,2020,Hyundai,Muffler,2020 Hyundai Muffler
1068,2020,Hyundai,Catalytic Converter,2020 Hyundai Catalytic Converter
1069,2020,Hyundai,Alternator,2020 Hyundai Alternator
1070,2020,Hyundai,Heat Guage,2020 Hyundai Heat Guage
1071,2020,Wolkswagen,Battery,2020 Wolkswagen Battery
1072,2020,Wolkswagen,Oil Filters,2020 Wolkswagen Oil Filters
1073,2020,Wolkswagen,Air Filters,2020 Wolkswagen Air Filters
1074,2020,Wolkswagen,Brakes,2020 Wolkswagen Brakes
1075,2020,Wolkswagen,Radiator,2020 Wolkswagen Radiator
1076,2020,Wolkswagen,Shock Absorbers,2020 Wolkswagen Shock Absorbers
1077,2020,Wolkswagen,Muffler,2020 Wolkswagen Muffler
1078,2020,Wolkswagen,Catalytic Converter,2020 Wolkswagen Catalytic Converter
1079,2020,Wolkswagen,Alternator,2020 Wolkswagen Alternator
1080,2020,Wolkswagen,Heat Guage,2020 Wolkswagen Heat Guage
1081,2020,Nissan,Battery,2020 Nissan Battery
1082,2020,Nissan,Oil Filters,2020 Nissan Oil Filters
1083,2020,Nissan,Air Filters,2020 Nissan Air Filters
1084,2020,Nissan,Brakes,2020 Nissan Brakes
1085,2020,Nissan,Radiator,2020 Nissan Radiator
1086,2020,Nissan,Shock Absorbers,2020 Nissan Shock Absorbers
1087,2020,Nissan,Muffler,2020 Nissan Muffler
1088,2020,Nissan,Catalytic Converter,2020 Nissan Catalytic Converter
1089,2020,Nissan,Alternator,2020 Nissan Alternator
1090,2020,Nissan,Heat Guage,2020 Nissan Heat Guage
1091,2020,Suzuki,Battery,2020 Suzuki Battery
1092,2020,Suzuki,Oil Filters,2020 Suzuki Oil Filters
1093,2020,Suzuki,Air Filters,2020 Suzuki Air Filters
1094,2020,Suzuki,Brakes,2020 Suzuki Brakes
1095,2020,Suzuki,Radiator,2020 Suzuki Radiator
1096,2020,Suzuki,Shock Absorbers,2020 Suzuki Shock Absorbers
1097,2020,Suzuki,Muffler,2020 Suzuki Muffler
1098,2020,Suzuki,Catalytic Converter,2020 Suzuki Catalytic Converter
1099,2020,Suzuki,Alternator,2020 Suzuki Alternator
1100,2020,Suzuki,Heat Guage,2020 Suzuki Heat Guage